temperatur_udara,kelembapan,curah_hujan,suhu_air,panjang_ikan,berat_ikan
21.5,86.0,83.1,28.4,80.1,9.1
25.1,73.4,95.1,25.5,71.7,5.3
29.0,85.7,10.1,29.3,99.1,9.4
25.4,52.3,61.4,27.5,94.5,6.0
28.3,84.0,48.8,27.8,93.3,3.5
28.2,61.3,95.9,29.3,89.2,7.1
33.4,92.8,57.5,27.5,61.9,9.4
27.9,56.7,39.2,26.1,63.5,1.9
23.4,67.9,47.6,28.1,78.2,9.1
20.5,50.8,89.9,29.4,61.3,9.4
32.7,51.3,18.9,25.9,19.0,8.6
33.9,59.6,46.4,27.8,47.1,6.1
32.2,61.0,61.2,21.8,83.2,6.9
25.9,62.8,88.4,29.7,22.7,4.3
20.1,96.8,16.1,21.1,22.6,2.8
31.9,69.9,57.1,25.7,34.5,3.8
24.7,87.4,9.3,23.8,42.1,6.9
32.1,75.7,65.2,26.2,21.9,5.8
25.7,85.1,80.4,26.4,48.2,8.9
25.7,56.9,47.2,26.4,78.9,4.7
31.2,75.8,43.1,23.4,87.1,3.8
34.6,69.2,17.3,20.0,35.7,9.0
33.4,51.5,8.4,27.8,47.1,5.9
23.4,67.6,44.5,29.4,73.4,7.8
28.5,94.2,21.7,24.1,51.9,5.5
34.0,83.3,0.9,25.4,84.5,6.9
20.1,58.4,96.8,24.2,66.5,6.4
20.4,73.3,98.4,24.8,51.3,1.0
27.4,84.1,99.2,24.2,85.2,4.3
29.8,66.2,9.0,24.9,16.8,5.7
32.0,91.9,81.8,22.3,74.2,7.5
20.0,55.7,59.1,24.2,62.4,1.7
26.4,77.6,87.8,21.0,87.6,4.6
22.5,61.4,25.0,21.1,27.0,4.5
22.9,58.6,18.0,26.4,78.5,8.5
22.3,50.7,28.5,20.8,24.1,6.6
30.4,96.9,42.5,21.7,67.3,8.2
20.7,66.7,18.2,28.8,65.9,7.3
25.6,97.5,25.3,24.8,75.2,6.6
24.2,74.9,77.1,21.9,73.5,9.2
31.5,77.9,62.3,24.8,59.0,2.6
26.3,59.7,59.0,23.5,53.2,6.2
30.0,97.8,94.6,22.1,19.5,8.1
32.4,82.0,40.4,29.7,44.5,3.2
33.1,62.3,75.2,26.8,91.5,7.5
29.7,93.6,38.7,20.1,77.6,1.0
28.1,64.5,98.5,22.4,90.4,9.3
22.4,62.4,37.8,24.5,84.1,8.8
33.4,54.7,67.0,21.7,23.7,0.1
25.8,92.9,31.0,22.4,78.2,7.2
24.8,97.4,26.9,21.4,62.1,9.9
26.7,82.0,71.2,21.1,44.1,2.2
20.5,58.0,55.4,29.4,48.7,6.8
22.2,62.4,23.1,29.1,96.4,8.5
24.9,91.8,17.2,29.6,54.5,4.8
23.9,77.8,38.5,20.7,34.1,8.6
32.1,77.0,45.9,26.0,78.3,6.3
28.8,75.0,54.7,25.5,47.1,9.7
30.4,80.9,94.0,28.0,18.8,5.9
29.8,87.5,32.6,26.6,60.0,5.2
33.7,78.6,51.7,23.3,42.8,2.1
23.0,54.4,53.0,25.3,48.1,0.9
21.6,98.8,60.2,24.5,41.0,0.9
30.0,71.2,4.9,25.5,73.8,8.0
20.5,51.7,50.5,26.2,96.6,2.9
33.7,72.7,35.0,23.1,13.9,7.9
26.5,86.1,28.7,28.9,94.1,8.7
23.8,81.2,42.4,22.6,95.3,0.2
23.4,85.9,87.0,24.5,23.2,2.0
34.9,56.4,8.5,23.4,59.8,4.6
29.4,64.1,35.8,27.2,89.9,6.3
21.0,93.9,68.5,25.0,12.3,6.8
20.4,86.9,49.3,22.8,19.1,6.7
22.9,81.1,68.4,25.1,51.3,8.7
26.0,64.8,36.3,22.7,28.4,4.6
24.8,66.3,71.5,28.4,25.5,0.3
26.4,77.9,10.7,29.4,50.8,0.3
28.8,69.3,81.2,24.7,26.6,3.5
34.5,56.8,52.3,29.5,12.0,3.5
29.2,68.0,46.1,24.8,41.5,2.5
20.4,83.8,39.4,27.4,34.1,2.1
30.1,79.3,61.5,25.1,77.2,1.0
28.4,82.0,35.9,26.6,92.7,8.2
24.0,75.2,59.7,29.9,60.4,5.4
23.6,66.9,94.8,23.5,39.6,9.6
28.1,71.5,35.8,21.7,98.6,3.2
22.4,51.9,43.8,24.7,74.9,1.3
35.0,56.7,18.3,20.7,35.8,9.6
32.2,72.5,72.1,22.3,88.0,2.6
28.9,98.3,2.9,26.2,78.0,7.7
24.0,73.2,89.5,29.9,69.6,6.4
31.3,62.9,61.2,28.2,88.1,1.2
30.0,65.0,23.9,27.3,43.4,5.8
30.4,98.2,22.1,24.0,89.8,8.6
30.3,69.5,40.4,25.6,58.4,4.8
33.5,97.3,9.8,24.9,66.0,4.8
33.8,59.4,80.4,24.7,72.9,4.5
31.1,91.8,83.0,29.1,94.7,1.2
27.5,61.8,60.4,28.3,73.3,0.4
22.1,74.2,62.0,22.4,92.6,6.0
28.9,84.1,74.9,21.4,47.7,5.5
34.1,90.2,86.4,23.1,49.3,4.9
20.4,83.7,85.0,21.2,70.6,7.7
24.3,68.2,97.4,20.2,16.1,5.9
24.5,50.5,77.4,29.0,62.9,9.3
22.6,93.0,44.8,21.7,65.9,7.2
25.2,80.2,87.0,22.6,40.2,6.1
20.2,70.0,6.7,28.8,92.4,1.2
26.7,83.1,29.7,27.5,79.2,2.9
28.0,82.6,12.6,29.1,43.9,0.6
32.0,56.7,8.6,25.9,72.5,6.1
32.8,64.0,48.6,26.2,77.8,8.2
20.8,90.8,4.3,21.0,79.1,3.9
30.5,81.7,14.7,27.2,57.2,4.1
29.1,72.2,46.7,25.5,78.3,6.4
33.6,54.5,13.4,28.1,10.5,1.8
32.0,69.2,77.7,22.8,81.5,9.6
23.0,89.7,85.4,28.7,67.6,4.0
31.1,66.1,2.0,29.1,80.1,9.5
25.5,96.3,45.8,27.3,92.0,3.9
34.3,92.9,81.6,23.9,74.5,7.1
20.6,83.0,31.7,20.6,48.3,8.9
24.4,61.2,93.3,24.7,65.9,6.2
27.8,74.3,44.5,20.4,19.0,3.2
34.7,76.9,7.0,27.3,52.2,8.5
26.6,58.4,0.3,26.1,63.5,2.5
21.9,80.4,55.8,24.8,98.9,6.5
24.6,74.0,41.0,22.6,26.8,0.8
25.6,51.6,88.9,21.7,75.2,4.9
26.7,61.3,21.9,29.5,59.6,9.3
27.6,72.3,78.1,20.0,14.2,6.0
23.6,75.5,45.8,26.9,39.2,2.5
34.0,83.1,53.1,26.7,13.7,1.7
24.2,88.9,19.2,29.0,30.3,1.9
29.6,91.6,26.1,28.0,51.8,2.7
27.2,91.6,18.7,24.4,46.2,1.2
30.1,61.6,42.6,29.4,64.1,4.4
25.1,51.8,71.0,24.5,10.2,3.6
34.7,84.0,83.9,26.4,57.7,4.9
29.5,65.7,68.6,28.1,10.9,2.7
26.1,70.5,12.3,29.7,27.1,0.9
29.7,86.1,16.7,24.3,37.1,7.2
24.9,62.2,5.0,24.5,42.1,8.8
28.8,94.5,43.4,21.3,92.3,6.2
24.8,93.9,73.2,24.4,96.2,5.5
24.4,84.5,95.6,24.1,73.3,0.3
30.8,80.4,59.5,24.7,86.5,3.5
29.7,89.0,14.9,26.4,44.4,8.4
35.0,57.7,73.2,20.8,75.6,9.1
32.6,92.0,23.8,25.2,59.1,0.2
22.3,81.6,16.7,25.6,39.6,0.3
33.6,96.8,10.1,25.5,65.9,8.5
29.1,61.7,78.6,28.7,100.0,8.4
21.3,98.1,13.4,26.2,19.9,8.0
24.9,71.7,38.6,26.5,76.0,9.4
20.4,94.1,48.9,27.4,14.6,7.1
28.2,61.5,3.1,23.3,27.6,7.0
21.2,79.1,91.3,23.2,91.5,4.6
27.5,67.6,53.9,23.0,65.4,3.7
29.3,54.4,68.3,22.6,94.6,0.9
26.4,56.2,25.6,28.2,96.2,0.7
30.6,79.2,43.6,24.7,80.6,5.2
24.0,50.2,45.9,23.5,68.2,9.5
28.4,65.6,92.8,20.5,61.1,2.9
31.6,77.4,97.6,29.1,35.3,3.6
26.2,63.7,14.6,25.7,42.1,3.9
20.8,78.7,80.9,29.4,48.7,3.3
26.4,57.1,47.0,28.5,51.4,9.7
24.9,67.0,98.5,23.4,89.6,8.3
31.6,69.9,55.8,29.9,51.9,3.4
28.2,55.2,44.1,22.5,69.6,2.4
20.3,78.6,55.5,26.2,32.0,9.1
26.4,96.1,85.7,28.7,87.4,5.3
20.8,65.4,14.2,25.2,75.6,5.5
31.7,85.6,16.6,22.2,40.1,8.3
21.8,52.9,73.9,24.7,19.9,5.4
30.1,99.3,77.0,27.2,41.4,6.1
22.6,63.1,96.6,29.3,81.6,9.9
27.0,82.6,41.1,20.9,78.9,6.9
32.0,79.2,31.3,26.5,26.5,4.5
27.2,92.6,64.2,21.0,50.7,0.8
24.8,68.8,54.1,29.8,31.6,3.1
25.9,95.2,43.7,24.3,71.1,1.4
26.9,95.1,7.3,20.9,83.8,6.6
25.7,72.0,27.1,28.6,19.2,2.5
28.9,97.0,89.8,26.1,81.9,9.0
28.8,83.6,85.5,26.9,33.6,0.8
30.6,60.1,66.8,21.0,89.4,1.5
29.6,85.6,82.0,25.3,76.5,3.2
33.0,94.1,98.7,20.9,82.2,3.8
28.9,87.8,97.1,29.5,39.6,6.1
28.7,71.7,97.5,21.5,57.6,7.6
25.2,50.2,77.0,23.2,21.5,9.4
25.4,99.0,10.4,20.8,89.1,9.5
24.8,78.7,25.4,21.9,92.6,3.7
22.8,69.4,19.0,22.8,83.3,6.0
26.4,51.3,36.5,23.4,48.1,9.6
21.6,96.3,14.5,22.5,53.6,7.7
33.1,92.2,56.4,25.0,87.3,9.0
26.2,69.8,69.2,25.7,71.5,5.9
28.4,52.5,38.9,26.0,19.7,8.3
29.4,83.7,73.5,23.0,89.1,3.2
24.4,81.7,86.9,23.6,68.8,4.5
30.1,81.3,45.2,21.8,47.8,2.3
28.3,64.5,77.4,28.1,62.1,4.0
33.6,73.6,56.4,22.1,43.6,7.4
30.2,86.8,79.6,28.0,99.7,7.7
27.4,69.2,56.0,26.3,49.5,6.6
28.2,67.6,66.9,29.0,34.4,7.9
22.7,65.8,82.1,28.6,29.4,5.3
23.4,76.3,88.6,20.7,36.4,9.4
32.3,74.5,61.3,29.6,65.3,2.8
24.3,53.2,10.7,20.8,77.9,5.6
30.6,97.9,44.9,21.4,22.1,6.1
29.3,71.5,78.3,29.0,30.8,5.9
30.3,89.9,57.3,25.7,42.9,5.1
21.4,64.5,51.6,21.5,22.4,5.6
24.6,91.7,82.5,22.8,15.8,9.2
21.8,76.9,4.8,23.4,94.7,8.3
20.5,52.4,42.2,28.0,70.9,6.3
29.7,54.0,9.6,23.4,79.0,2.6
26.0,76.2,6.9,26.6,25.0,4.7
23.8,74.7,48.6,20.4,71.3,6.2
22.6,74.4,25.0,26.5,31.7,2.2
29.0,76.5,57.5,28.3,30.2,0.4
25.5,72.7,73.1,22.1,56.8,4.0
20.1,91.4,90.4,24.4,85.5,8.8
23.3,62.4,72.4,21.2,57.9,7.1
23.5,75.6,15.0,25.4,20.8,3.1
26.7,64.3,18.2,27.9,48.7,9.6
29.3,50.0,5.5,29.1,88.0,9.8
31.7,62.0,65.0,29.9,36.6,1.5
33.8,71.1,72.6,27.6,75.1,8.5
29.7,84.5,4.8,27.9,10.9,5.3
25.7,95.6,37.1,27.4,26.8,8.0
26.9,93.7,15.6,22.8,35.6,3.8
29.4,74.8,64.0,29.6,74.9,9.2
34.8,52.6,33.5,26.7,43.8,0.9
29.2,51.0,15.2,25.5,15.1,7.9
30.5,78.3,39.0,27.1,22.8,4.4
27.0,84.7,25.9,20.5,25.1,1.8
29.0,91.0,75.3,22.5,97.8,5.8
33.1,53.4,2.8,28.2,90.3,8.1
23.3,64.1,90.5,26.5,24.3,2.9
29.8,98.4,63.1,22.7,35.8,0.4
25.1,64.3,72.3,28.9,44.0,3.3
27.1,58.8,48.6,28.0,15.4,3.0
20.7,51.5,7.4,29.8,81.2,1.6
26.8,71.1,10.6,27.9,88.9,0.1
31.1,99.0,0.8,29.3,17.3,2.6
27.4,79.0,57.8,24.0,24.0,5.8
34.7,90.5,61.0,23.0,73.1,4.6
31.9,61.6,49.2,24.7,85.0,4.9
33.6,54.9,21.4,23.4,56.6,0.1
24.9,97.1,91.9,27.9,68.9,1.5
31.9,83.8,23.1,23.9,50.0,3.7
34.4,63.7,8.7,25.3,39.6,7.8
31.6,58.2,85.2,26.9,57.4,4.2
25.0,58.3,15.3,23.1,92.8,2.2
34.3,78.9,4.0,25.4,76.2,3.1
29.5,95.6,68.9,21.4,57.5,1.1
23.1,81.0,68.2,26.8,23.2,8.9
27.7,80.4,99.1,24.1,58.0,0.8
26.5,63.1,77.1,28.5,40.3,8.2
34.9,76.1,5.0,25.3,85.8,4.0
21.8,80.5,23.9,20.6,83.1,7.0
33.1,90.8,47.9,21.3,23.1,2.3
30.4,92.8,55.1,23.8,61.2,3.5
29.5,60.5,60.7,24.0,99.6,2.6
32.1,51.7,97.9,24.9,47.0,4.7
23.1,74.2,95.6,28.6,14.8,0.7
24.5,65.1,35.1,20.7,63.1,8.9
26.7,60.5,9.5,20.1,92.8,6.4
23.4,96.6,29.9,20.0,92.4,0.6
30.2,86.4,97.8,29.4,92.8,4.2
24.4,86.8,26.4,22.7,41.8,6.1
23.7,96.2,21.0,24.6,25.0,3.3
31.6,92.7,44.4,23.3,45.1,4.6
26.8,60.5,69.4,24.2,14.9,2.1
34.6,95.9,1.8,22.3,61.6,8.9
31.6,57.5,10.2,28.5,71.6,6.4
34.1,76.4,4.2,23.5,41.9,9.7
23.0,77.8,46.1,22.1,68.6,0.6
26.9,70.5,3.9,29.8,26.2,1.2
25.9,64.2,88.1,21.9,90.6,4.2
30.9,50.5,62.7,25.1,39.4,1.8
26.1,93.1,93.0,20.6,74.2,0.1
20.4,61.5,91.8,23.2,18.7,3.4
31.2,71.6,12.2,20.5,73.6,9.9
32.9,71.2,40.9,21.0,89.5,1.9
23.0,84.6,35.5,22.6,52.2,10.0
23.9,87.1,75.8,27.0,55.9,2.8
31.4,56.2,84.5,22.8,21.7,9.5
27.2,72.5,28.8,27.0,84.9,8.0
22.6,67.9,87.2,22.3,75.6,5.7
22.5,88.1,79.4,28.5,39.0,4.3
26.5,88.5,83.3,20.7,13.5,8.6
26.2,82.7,23.6,23.0,38.2,8.7
23.9,87.1,32.1,28.5,37.7,4.4
32.7,76.8,50.8,29.3,82.5,4.5
30.8,94.3,77.3,22.2,10.8,2.0
28.2,80.5,56.3,21.2,39.5,6.1
32.7,62.7,26.5,23.5,43.0,1.0
26.0,87.5,15.5,28.1,89.2,6.3
34.8,62.2,15.0,23.9,40.6,4.1
24.3,69.7,76.1,29.8,29.0,1.6
26.0,73.7,18.3,22.7,77.5,6.0
32.6,83.6,30.4,28.6,81.9,2.6
23.1,89.8,19.0,20.4,75.5,1.5
27.8,57.9,83.7,28.9,13.7,7.2
26.6,86.1,9.2,26.4,15.2,0.9
28.9,51.8,53.4,24.8,30.1,4.7
25.5,85.9,60.1,21.1,60.2,6.2
31.2,69.4,18.0,25.3,46.1,1.7
21.5,79.6,52.2,20.8,80.5,7.0
26.0,82.6,25.2,27.0,79.6,7.5
31.0,55.6,49.6,20.1,46.0,8.1
25.3,93.9,47.2,25.1,60.5,2.2
20.6,88.1,47.4,29.9,14.6,0.5
26.0,68.6,9.3,23.9,42.5,9.7
34.3,73.3,93.1,22.5,29.7,8.2
30.8,68.4,51.1,26.2,55.1,7.1
30.5,83.9,45.1,27.7,47.8,8.3
31.9,77.5,27.0,21.8,80.5,8.6
30.7,88.5,82.9,29.9,77.8,8.6
21.8,67.4,76.4,27.5,48.1,3.3
29.7,88.0,73.6,22.4,22.4,2.8
23.1,83.1,9.2,21.1,59.8,2.6
33.9,51.7,13.3,28.5,22.1,3.9
33.1,59.3,16.6,24.5,47.2,6.4
32.9,86.0,74.8,20.9,51.5,6.2
21.4,54.9,45.7,26.2,67.0,3.8
23.4,77.4,90.3,21.3,65.3,7.2
34.8,74.0,91.3,22.5,15.5,1.6
33.3,70.2,88.9,28.1,27.2,9.3
32.0,50.8,37.6,23.5,38.6,2.9
21.9,96.3,60.8,21.5,63.9,3.3
27.1,67.9,99.4,22.3,90.0,1.2
30.4,54.0,81.1,28.3,93.5,4.8
20.5,54.1,3.1,24.0,40.1,7.9
22.7,99.6,2.4,29.6,15.9,2.4
23.3,96.1,14.3,29.7,31.9,8.6
21.5,90.1,54.5,25.5,35.6,2.6
24.9,73.8,9.8,22.7,87.5,1.7
27.7,70.1,21.0,25.3,79.5,1.1
24.5,76.5,3.5,22.4,13.8,1.9
34.3,83.1,82.3,26.9,55.8,9.7
33.6,67.4,77.2,20.1,84.0,4.7
29.6,58.4,51.0,29.0,64.3,8.8
22.1,96.4,12.2,25.4,13.9,8.6
29.7,53.2,78.2,20.5,89.4,9.3
33.3,92.9,45.7,20.4,68.9,6.2
30.8,51.7,94.8,29.3,95.2,1.8
30.1,97.8,42.4,20.3,19.6,0.9
26.1,60.8,99.1,25.6,89.0,0.5
23.2,76.5,93.5,25.6,68.0,6.2
22.0,96.4,46.6,21.1,97.6,7.2
20.8,84.5,29.2,27.1,92.2,9.7
31.2,66.6,23.7,28.5,74.7,0.6
33.7,95.7,39.2,27.3,86.6,1.4
27.0,56.2,11.5,25.7,16.8,3.8
26.2,89.2,80.9,25.4,81.9,0.8
25.1,96.5,97.4,26.3,47.0,5.7
29.5,62.0,47.1,26.3,80.9,1.6
30.8,89.7,82.7,29.2,71.7,2.7
25.2,81.4,19.7,22.5,44.1,2.6
22.6,71.0,81.6,24.6,38.2,9.5
20.3,51.0,71.4,23.0,75.1,6.4
21.4,99.6,26.7,25.4,23.6,5.2
29.6,84.5,85.2,29.1,54.4,6.4
34.7,52.2,20.6,22.5,97.1,2.9
25.1,69.2,80.6,24.9,56.4,0.2
23.3,68.9,99.2,24.1,91.8,1.1
31.6,55.2,12.0,22.2,60.0,3.0
33.1,75.7,66.4,20.8,14.2,0.5
28.0,65.1,47.0,21.8,72.9,1.5
30.6,62.3,98.7,23.7,43.4,3.8
25.4,53.7,56.4,24.4,19.7,5.6
34.4,54.6,47.8,21.2,72.3,4.6
20.8,91.7,10.9,28.5,24.4,4.7
23.7,92.4,17.8,26.8,92.1,1.9
31.9,83.0,55.0,21.2,50.0,10.0
29.0,87.3,0.4,29.5,60.2,4.4
27.5,90.5,96.7,21.6,37.7,9.6
23.0,77.6,5.3,24.5,43.4,8.9
24.6,61.6,54.6,28.5,58.6,3.9
34.6,81.9,88.8,21.3,89.4,4.2
20.3,89.9,43.0,25.0,97.8,1.7
25.0,61.0,38.9,25.2,83.1,6.9
27.5,56.7,96.7,22.0,90.3,8.4
25.3,98.5,9.2,24.3,29.1,4.9
23.8,59.7,6.0,29.8,96.4,4.5
33.4,62.7,61.2,26.5,74.5,6.7
23.9,53.6,38.0,20.1,45.6,6.4
26.0,67.2,87.2,21.8,71.2,8.5
29.7,89.7,3.3,27.5,67.0,9.3
33.8,81.9,33.5,25.1,23.5,8.3
24.4,69.3,67.5,21.0,44.7,9.8
26.7,52.8,9.0,24.8,34.6,8.7
25.4,99.7,5.6,28.4,31.2,7.0
34.3,71.6,37.1,24.9,80.8,4.2
20.2,53.9,50.4,28.2,63.5,6.1
27.0,76.5,46.1,28.5,95.9,5.8
31.6,90.3,21.4,25.3,94.7,5.2
22.7,81.9,69.7,22.6,48.1,8.3
33.3,79.0,58.7,21.4,19.9,4.2
33.7,97.3,44.4,21.9,18.4,6.8
21.7,60.2,55.7,20.5,11.5,1.8
26.1,98.8,85.0,28.4,31.5,10.0
25.1,81.1,24.6,29.0,82.6,8.7
24.6,51.7,45.1,28.2,98.0,1.5
25.4,52.4,82.9,26.9,12.8,6.5
26.9,54.4,85.4,22.6,80.5,6.0
20.5,70.2,30.2,27.8,43.8,2.1
34.9,98.3,58.3,25.2,81.5,1.0
26.6,54.7,38.7,21.6,17.0,1.3
28.8,54.0,12.0,24.4,91.6,2.8
29.8,70.3,84.6,22.3,91.6,4.2
32.3,60.7,22.7,27.7,86.9,6.9
34.8,99.7,46.1,22.1,85.1,5.9
21.6,81.9,46.1,20.6,16.5,8.1
24.7,96.7,65.6,26.6,79.8,9.4
20.4,92.0,7.1,21.6,30.0,8.2
21.8,65.7,45.5,23.9,15.4,7.0
25.0,99.4,74.9,20.9,55.7,8.9
33.1,98.4,91.5,27.0,21.2,6.8
22.9,99.7,95.1,25.7,29.0,9.2
30.6,66.1,94.8,29.1,52.5,3.4
26.5,84.0,7.3,29.6,13.6,6.7
24.4,97.3,57.5,20.2,57.1,4.2
25.5,68.8,62.2,26.0,93.2,2.1
22.0,68.3,39.9,24.3,14.6,3.7
30.1,56.6,77.1,22.9,12.6,7.5
29.6,77.0,89.1,25.1,90.1,1.0
28.4,57.7,72.0,30.0,14.7,9.6
23.5,54.7,85.9,27.2,52.2,1.4
25.2,56.9,24.4,24.5,24.0,2.9
33.7,76.9,21.6,21.5,34.4,9.1
29.9,99.5,34.4,20.4,93.3,0.1
27.8,62.3,1.7,25.1,52.4,9.7
20.2,78.6,8.3,23.5,56.6,9.7
33.7,73.1,52.4,25.9,57.4,7.7
33.5,73.1,1.6,25.4,55.8,4.3
21.2,50.6,48.7,28.5,29.4,6.5
23.3,80.2,72.0,24.3,41.2,8.4
34.4,100.0,66.9,20.8,30.1,1.3
33.5,62.0,91.3,24.2,24.1,0.9
24.5,77.8,34.1,28.4,79.6,0.6
24.1,73.0,14.8,24.6,69.4,8.3
28.3,57.9,26.8,24.1,66.3,0.4
33.8,84.0,65.9,25.5,38.0,8.0
28.2,62.6,91.5,29.8,40.8,6.6
29.3,65.8,98.2,22.9,60.1,5.9
29.9,95.0,73.6,21.0,16.8,8.7
20.9,86.4,42.5,28.6,63.2,8.3
26.0,83.2,6.0,28.3,34.2,4.3
22.2,70.2,61.5,23.4,87.2,10.0
26.3,89.4,82.5,26.7,95.4,8.3
21.1,67.7,81.8,23.2,44.5,1.5
26.5,62.7,19.2,24.0,45.9,9.9
25.1,85.2,18.5,30.0,81.2,3.9
25.5,62.9,98.8,26.7,76.2,3.5
32.7,83.9,9.7,21.8,19.5,6.5
23.9,72.8,98.3,22.2,86.7,2.4
25.1,61.7,91.9,26.1,80.9,8.3
29.4,90.7,78.7,28.1,89.7,4.4
23.2,59.2,35.4,28.8,44.5,2.4
31.7,60.5,2.8,29.4,21.4,5.0
33.8,98.2,63.0,26.2,39.0,6.0
22.1,97.9,90.0,24.8,98.7,6.2
33.8,75.8,19.5,25.8,33.4,7.9
25.4,79.4,4.7,21.2,96.9,2.2
27.8,71.7,68.4,29.7,52.4,5.6
24.0,84.1,86.5,24.7,23.2,5.3
29.9,69.4,69.4,21.4,81.2,9.1
31.0,87.2,22.7,21.3,83.1,0.2
29.0,54.6,42.1,28.0,74.5,1.3
22.5,57.3,87.9,23.7,26.8,3.9
33.9,55.2,7.1,29.2,80.9,3.9
26.5,92.2,24.9,28.6,29.7,7.8
23.1,68.4,8.0,21.9,34.2,2.2
28.7,51.8,25.6,26.7,88.7,4.6
30.0,91.7,99.4,26.9,79.7,3.6
28.7,56.9,9.6,21.0,87.0,7.7
27.1,50.4,66.5,24.7,99.8,6.1
25.4,63.1,10.3,28.2,63.7,1.0
24.6,72.4,81.6,26.3,18.9,6.7
29.6,63.9,0.5,29.0,93.6,1.6
30.3,74.6,65.4,24.2,12.4,6.7
23.0,54.1,0.8,23.7,15.2,2.5
26.2,91.0,43.7,28.7,51.0,2.5
33.0,93.4,8.5,23.4,32.8,8.9
24.3,63.0,69.0,25.3,73.9,1.9
32.5,71.7,56.2,20.4,86.6,8.6
27.3,69.1,43.5,27.3,90.1,9.2
28.5,50.8,97.2,22.3,22.7,7.9
27.6,84.4,66.0,26.4,35.3,9.4
33.6,90.2,68.7,28.0,79.5,9.8
33.2,74.3,90.2,22.9,14.3,8.5
26.7,79.6,48.5,24.3,67.8,5.7
33.5,97.1,36.3,20.8,46.6,6.3
30.7,95.9,25.7,25.4,28.0,8.7
28.4,76.6,97.3,24.5,67.4,8.3
25.0,52.4,2.6,22.5,76.9,1.9
34.9,70.5,64.9,26.8,13.7,8.1
22.6,75.9,8.3,27.2,17.0,1.2
23.8,65.9,79.5,20.8,38.5,6.6
32.0,99.6,69.6,21.6,90.7,1.7
25.3,77.2,26.2,24.8,82.7,8.0
23.3,58.8,5.7,20.3,72.6,6.8
29.7,72.5,39.0,27.8,59.4,4.8
27.1,91.1,63.9,28.8,60.0,0.7
25.7,84.5,36.8,27.5,23.1,7.4
20.8,66.8,97.7,22.9,47.9,9.7
25.2,83.0,63.4,24.6,41.5,0.5
25.5,99.0,59.9,21.6,90.3,1.5
29.7,95.4,14.9,22.5,52.9,1.3
30.2,92.5,53.1,24.2,78.8,3.5
28.9,63.9,27.1,25.4,73.5,9.4
21.3,94.8,7.0,25.9,55.1,3.5
21.1,83.8,14.7,21.5,12.7,8.0
32.4,52.1,24.9,27.1,94.1,9.9
27.5,81.1,74.1,20.2,65.9,1.2
26.7,80.3,52.3,20.4,46.8,1.9
23.3,93.2,31.9,20.3,78.4,0.8
30.0,61.5,43.2,25.7,65.8,4.5
30.8,68.2,66.5,26.6,94.7,4.6
21.7,83.2,47.5,24.3,27.3,6.8
26.9,54.3,31.5,27.8,75.4,1.3
23.7,89.7,8.5,22.3,17.1,9.6
28.4,71.4,11.8,28.0,80.5,9.7
34.0,99.3,14.7,28.4,85.3,7.5
21.8,80.6,26.0,21.5,80.6,3.6
24.3,69.6,79.4,26.0,63.8,2.4
23.5,68.6,72.8,21.9,86.9,5.6
28.6,96.8,11.6,22.8,29.2,1.2
22.8,80.2,17.4,29.3,73.1,8.3
22.7,89.3,7.9,28.8,99.2,3.9
28.7,70.7,65.1,25.1,38.1,2.2
22.8,61.3,57.6,21.3,58.2,4.1
31.0,93.0,96.5,27.0,43.3,4.6
33.3,53.0,86.4,21.7,79.0,6.5
20.2,87.7,26.8,27.9,75.9,0.5
33.3,79.2,58.8,29.4,94.7,5.5
28.8,66.0,41.2,26.1,48.1,9.1
25.0,51.1,34.3,20.0,22.5,6.4
33.2,75.5,46.2,26.2,96.9,2.5
21.8,72.8,3.1,26.9,42.4,2.0
26.5,59.8,63.0,23.6,70.3,6.9
29.0,51.0,19.5,24.9,22.4,2.1
29.7,74.3,19.6,21.6,33.8,3.5
29.6,99.1,61.5,25.7,23.8,6.2
27.9,88.7,22.8,23.6,96.4,5.9
31.5,55.9,6.0,23.4,38.8,2.7
23.9,81.0,13.9,23.6,46.1,5.1
21.4,81.8,81.9,24.0,48.6,8.6
35.0,89.7,87.7,27.6,70.8,3.9
24.5,67.8,2.4,29.0,69.3,3.4
25.0,55.0,56.3,26.4,32.1,3.3
32.8,58.5,60.4,21.7,58.8,1.0
29.2,69.0,60.6,22.2,48.5,6.4
25.5,98.8,7.0,22.4,82.6,4.6
25.4,98.8,19.3,27.9,51.7,5.2
27.5,50.3,82.2,29.4,88.8,6.7
28.4,56.6,8.0,27.5,20.5,5.7
22.1,87.9,22.2,28.4,89.1,9.6
33.6,83.3,94.4,20.4,38.6,8.3
25.6,65.9,40.5,21.8,75.6,7.5
26.9,58.7,39.2,22.5,11.8,4.4
24.4,63.8,49.5,23.6,73.4,7.6
30.4,81.0,5.5,20.8,18.0,4.5
29.2,59.8,78.2,22.2,69.8,4.9
25.4,92.9,83.3,28.0,35.3,2.3
28.3,81.7,9.3,20.2,30.3,3.5
23.8,68.9,34.5,22.4,51.7,7.9
28.7,85.7,31.8,23.5,53.7,4.8
20.1,91.5,73.6,29.4,32.8,4.7
34.7,56.7,97.4,25.0,53.9,2.4
31.9,83.0,59.2,24.0,35.2,8.4
23.0,69.7,62.3,22.7,64.5,5.4
33.1,82.0,98.9,28.3,44.2,0.6
29.7,57.4,48.7,27.5,71.9,4.7
21.9,63.5,50.5,29.0,98.7,7.3
34.4,84.8,64.8,26.7,38.1,8.5
21.5,76.1,96.3,22.4,83.9,9.8
30.7,62.5,56.9,27.5,19.9,4.9
21.4,86.9,97.7,25.9,42.2,5.7
28.5,95.1,82.3,26.7,13.7,3.4
21.5,75.3,50.6,21.8,76.6,1.7
32.7,93.4,62.7,29.7,23.4,0.3
30.5,64.5,40.3,27.0,78.9,0.6
31.7,50.2,99.4,30.0,26.1,2.1
21.4,60.1,54.0,26.4,14.2,4.3
30.3,72.6,61.8,20.4,84.9,4.6
22.6,67.1,92.0,20.2,18.6,5.1
25.8,70.3,95.5,20.9,67.5,5.7
27.5,78.1,28.4,23.6,70.8,7.0
23.4,94.0,32.2,24.3,10.5,2.2
22.3,51.9,56.0,20.8,86.1,9.8
28.2,60.0,67.1,21.9,42.2,5.1
28.6,54.2,77.1,22.8,29.9,7.4
24.1,98.7,49.6,27.1,77.9,7.3
24.0,97.9,16.5,25.2,32.0,4.7
21.7,70.8,47.7,20.9,86.0,2.4
30.3,52.0,91.0,21.4,16.7,3.8
30.0,63.4,92.0,27.6,37.5,6.9
29.2,69.6,68.5,27.8,26.2,5.4
26.5,89.6,95.9,28.1,71.5,3.2
34.3,63.1,12.3,23.7,61.0,9.4
26.9,68.6,66.3,24.5,32.5,0.6
24.9,91.2,45.8,20.1,59.9,1.5
34.3,94.7,20.0,27.0,38.1,9.9
29.0,79.8,54.8,29.0,53.6,5.8
34.4,89.0,73.4,22.7,21.6,4.6
21.9,88.1,56.5,28.8,64.5,0.3
32.0,96.1,46.5,26.3,78.3,8.8
28.9,95.1,35.1,20.3,32.2,5.6
23.8,55.1,8.9,26.2,34.0,5.7
29.8,97.1,8.8,25.1,60.4,8.0
27.4,52.0,14.6,23.2,60.2,4.9
35.0,76.2,19.6,29.6,82.4,1.8
26.3,52.0,33.9,23.3,54.5,5.3
34.6,69.7,32.5,22.9,25.6,4.1
32.1,74.1,29.5,22.4,25.6,6.1
22.7,97.6,10.0,28.4,58.6,0.4
21.7,61.2,47.0,24.4,49.5,5.8
34.4,63.8,32.1,26.4,87.7,8.4
25.3,88.6,11.3,29.6,75.0,3.9
32.3,99.3,30.6,28.7,32.2,5.3
24.7,69.9,95.6,26.7,47.9,1.0
34.2,97.8,25.6,20.4,81.0,6.2
27.6,92.8,2.9,20.5,77.5,6.3
30.4,52.1,77.9,25.8,41.4,8.0
27.1,59.6,69.1,25.4,20.5,2.5
24.0,83.4,35.7,23.0,46.6,0.8
31.1,53.6,17.1,20.8,28.7,9.1
34.7,76.4,59.2,24.9,44.9,3.7
21.0,87.6,40.6,26.5,69.9,2.1
27.1,88.1,18.1,25.7,90.4,5.1
26.6,56.1,37.1,27.8,14.1,3.1
20.8,81.3,70.4,26.4,47.1,3.7
30.2,80.5,50.5,29.4,88.2,6.1
31.1,90.3,26.5,29.2,36.0,5.4
33.0,88.1,83.5,22.1,26.2,2.3
23.2,80.0,69.0,27.9,49.5,4.9
22.9,94.4,94.2,26.9,92.4,5.6
32.1,98.4,54.1,23.1,32.5,2.4
27.1,79.0,0.9,23.2,56.9,7.2
21.6,92.4,58.2,24.0,70.2,9.1
22.0,79.2,83.5,24.4,51.7,9.7
34.9,67.5,38.0,22.2,83.7,3.4
31.8,51.3,19.8,26.4,76.4,6.4
30.5,62.2,47.9,27.9,33.1,9.0
20.7,70.9,39.9,28.0,38.3,1.4
28.1,63.7,66.3,27.5,18.1,1.4
29.8,89.8,88.7,24.7,10.9,4.6
28.5,62.3,36.3,20.1,19.9,6.9
31.7,60.8,39.6,26.6,20.7,7.5
27.4,66.6,19.3,21.0,33.9,4.1
22.0,98.5,30.3,22.7,16.7,8.9
27.8,82.3,33.4,24.7,46.4,7.8
32.4,89.8,29.5,23.9,54.7,6.3
24.7,91.2,50.5,29.6,53.2,3.8
27.2,92.2,51.9,21.0,17.0,5.6
20.9,79.3,97.7,27.4,23.8,0.3
30.7,90.5,24.1,27.3,95.2,7.2
25.3,85.0,96.9,27.1,56.1,0.6
32.8,96.4,75.6,26.1,56.6,2.3
21.4,50.8,47.9,22.0,91.8,4.3
25.9,91.5,61.7,20.8,88.7,6.9
27.7,75.6,48.6,21.1,52.5,1.7
33.4,54.7,70.3,29.5,53.0,3.8
31.3,70.2,93.6,22.3,37.7,2.8
21.1,86.3,16.1,24.2,18.9,0.6
20.0,54.7,30.1,25.5,89.2,0.9
25.8,73.7,77.1,28.5,23.3,4.6
26.8,74.1,65.6,24.5,89.1,1.3
30.9,89.3,74.6,27.4,76.8,8.2
29.1,89.0,51.1,22.5,96.9,7.1
26.5,54.1,11.3,22.9,98.3,8.4
33.7,86.6,27.6,21.3,99.8,5.7
23.6,64.7,77.2,27.6,20.9,8.1
26.1,92.4,81.3,27.2,79.9,5.3
34.6,71.4,95.5,29.9,47.2,4.1
28.9,97.2,60.9,29.2,70.9,2.2
33.4,59.8,8.9,20.1,60.0,5.5
28.0,74.5,68.7,23.9,37.1,8.4
27.8,84.6,24.5,26.0,95.9,5.5
23.9,76.2,20.3,29.0,57.7,0.2
27.5,52.8,33.0,28.7,81.2,4.3
25.2,98.4,86.0,29.3,26.8,3.9
34.5,79.4,36.6,27.1,37.3,7.2
26.6,50.4,6.0,27.0,45.5,2.8
29.8,56.3,62.6,26.3,42.6,0.8
23.4,98.3,28.4,20.1,38.9,7.1
33.5,62.3,63.3,22.1,46.1,3.8
25.3,85.7,33.6,28.7,75.9,5.4
32.8,67.2,39.5,23.0,24.2,3.7
34.1,51.2,46.7,22.0,88.6,0.6
24.0,82.6,84.7,29.7,86.7,9.3
31.2,69.5,11.7,21.7,75.2,6.7
21.7,58.7,47.9,21.1,91.5,5.9
32.2,63.0,65.8,20.9,52.5,6.4
27.7,92.0,72.8,20.6,57.1,7.8
29.7,60.7,20.6,26.0,53.5,9.8
21.4,92.2,9.6,25.9,61.0,6.4
34.0,73.4,51.2,27.4,48.6,1.1
22.4,79.6,85.7,21.4,39.4,7.6
28.0,58.2,74.9,25.1,54.0,4.1
32.3,89.8,94.3,25.3,42.3,8.4
22.7,72.5,7.0,20.2,39.3,1.6
29.2,84.3,31.5,28.1,91.0,8.5
20.8,81.9,96.7,27.4,80.4,7.3
31.2,75.0,95.1,23.4,29.6,6.5
20.4,60.0,23.7,20.7,49.5,3.3
31.8,72.7,98.7,24.7,37.2,7.8
34.4,50.0,52.9,27.2,92.5,6.1
27.5,99.8,91.0,28.7,13.6,1.4
34.8,70.6,77.5,22.8,82.6,5.4
25.4,88.6,44.0,26.6,51.7,9.9
24.1,65.0,7.3,23.7,66.2,1.9
34.4,92.2,56.3,23.9,94.2,0.5
33.6,91.5,27.6,28.3,23.2,4.9
34.9,78.2,91.3,28.2,22.3,7.7
21.7,88.9,50.9,28.4,92.3,1.5
30.5,82.1,38.0,25.5,54.2,2.4
23.4,94.4,77.5,23.4,95.2,6.3
20.0,63.2,16.1,26.5,42.4,2.4
22.1,55.4,51.1,29.8,70.9,7.8
22.2,52.8,84.6,22.4,65.0,6.6
33.2,65.2,37.5,25.6,37.2,0.7
24.1,60.1,62.7,25.9,59.6,7.4
21.3,56.7,96.2,29.0,19.2,2.6
31.4,85.5,60.7,22.6,86.5,1.4
23.8,79.7,15.4,29.8,37.8,8.4
33.7,58.1,60.0,26.9,71.6,7.1
34.7,56.3,29.1,29.9,11.5,7.5
32.5,58.4,56.5,25.8,69.5,6.6
33.2,51.8,13.6,21.0,45.7,5.9
23.4,69.1,24.5,25.9,46.8,9.7
33.8,52.2,38.6,22.8,33.1,5.1
30.6,60.6,98.1,24.1,42.4,9.3
20.4,57.9,83.0,25.2,72.7,6.1
32.4,78.6,5.3,28.6,97.6,1.9
21.7,64.3,73.1,20.9,92.8,6.3
30.8,74.4,64.8,24.0,84.1,7.7
34.7,55.3,50.3,26.1,30.2,6.5
28.6,54.6,29.0,23.1,65.7,2.6
22.5,95.3,32.0,21.2,18.8,9.9
20.7,50.8,28.8,28.7,67.2,2.9
29.6,93.2,90.0,23.2,42.1,2.6
25.3,72.6,41.5,21.6,36.2,3.8
26.3,76.0,56.2,29.8,16.8,4.8
28.7,71.6,7.8,20.0,57.3,8.2
27.3,66.6,63.2,25.8,54.1,1.2
33.6,60.0,84.4,23.8,60.9,0.4
30.5,75.6,19.3,22.4,31.8,7.8
26.0,85.6,64.3,26.5,45.2,6.8
20.3,58.9,3.7,22.4,73.3,1.6
28.9,97.6,89.8,28.1,76.1,3.1
31.1,93.6,33.4,22.9,44.1,2.9
33.6,73.0,5.5,26.2,20.8,7.7
33.4,75.8,25.2,26.7,58.8,7.8
34.3,85.8,42.5,29.3,69.0,0.9
27.3,82.3,54.4,21.0,79.4,2.1
33.5,61.5,50.8,28.9,70.4,1.3
32.3,64.1,20.1,25.5,73.1,7.4
22.3,72.0,72.2,23.4,66.8,2.6
29.2,93.1,35.9,20.2,92.3,3.3
27.3,72.1,16.4,25.5,35.4,1.7
22.6,95.7,16.9,25.7,53.1,5.0
31.6,63.2,98.2,26.7,79.5,1.6
21.4,81.7,10.4,28.2,46.8,5.5
25.0,71.3,51.5,24.9,91.0,4.6
21.0,51.0,68.8,25.7,73.5,8.7
29.5,51.7,65.7,24.9,59.1,4.6
29.9,68.7,42.3,23.8,65.9,7.9
22.1,77.5,62.3,21.8,11.3,0.2
26.2,61.2,66.3,26.8,45.0,4.5
29.3,55.5,88.1,21.2,21.9,9.7
34.6,77.6,61.6,20.5,32.5,3.5
34.6,95.1,4.2,20.3,67.9,2.2
22.5,59.8,28.8,25.6,98.7,8.8
24.3,75.4,92.5,24.4,44.0,8.0
28.0,53.3,36.5,22.3,62.9,5.8
20.9,52.8,64.2,27.2,86.1,6.4
26.3,50.7,94.8,29.4,73.2,3.9
20.8,80.0,42.9,27.7,35.6,5.2
33.0,95.6,29.6,29.7,44.6,4.7
26.1,57.6,65.1,24.3,20.9,8.7
26.8,69.6,57.5,29.7,10.1,7.6
29.2,63.5,36.3,21.9,29.5,8.7
23.1,92.3,18.7,22.0,42.9,4.4
29.3,89.6,77.9,20.1,86.0,7.9
23.4,73.5,12.0,23.9,88.0,5.6
27.6,62.4,90.7,20.8,85.6,2.0
32.8,90.8,47.4,23.3,77.8,0.5
21.4,60.9,41.9,23.9,61.6,9.2
20.0,84.7,82.8,26.3,88.3,4.3
30.6,84.0,30.1,26.0,96.1,6.7
30.4,75.6,38.0,28.7,76.2,8.7
33.0,55.1,79.4,29.9,52.7,9.9
20.4,69.8,45.3,20.9,30.8,2.1
34.2,71.9,49.2,21.2,62.8,1.0
29.6,76.3,30.5,21.4,58.7,1.8
25.6,57.4,86.1,29.6,18.8,4.5
26.0,61.3,39.5,29.7,40.4,3.0
24.2,81.0,16.2,29.8,56.5,7.4
26.0,99.9,58.0,27.3,72.7,1.1
26.2,89.7,75.0,20.8,53.9,2.1
32.0,78.9,68.2,21.8,13.3,5.2
31.9,91.3,15.6,28.8,25.2,7.9
31.9,96.9,93.7,21.9,11.8,0.7
32.3,87.5,57.8,21.5,37.5,0.2
33.1,54.4,3.8,24.6,66.5,2.9
26.0,98.7,67.5,20.1,75.4,1.4
20.9,82.7,10.0,24.6,16.2,2.6
27.2,75.8,95.5,28.6,93.8,0.6
30.9,50.7,36.2,28.1,33.7,6.9
21.1,93.2,7.7,21.1,62.1,5.5
21.5,82.1,67.6,26.6,41.3,1.2
33.9,63.2,26.6,20.7,52.2,4.9
31.2,70.2,66.7,25.6,52.4,2.5
25.5,68.6,88.8,28.2,90.9,0.6
32.0,61.5,59.1,28.2,20.9,4.1
30.3,71.1,35.0,24.7,62.8,3.6
27.5,79.8,31.9,28.3,80.7,8.0
21.3,53.4,17.2,20.1,99.3,6.2
30.8,82.4,27.7,20.2,92.3,8.9
30.6,65.9,35.1,29.1,24.6,3.8
29.0,86.9,91.0,22.4,52.4,5.3
29.7,63.7,8.6,23.0,44.1,6.5
32.1,80.6,83.6,26.2,95.5,0.4
31.6,86.5,82.9,24.3,60.2,7.0
34.0,61.1,19.6,21.9,88.1,0.2
26.5,71.8,43.5,23.0,28.0,5.4
23.6,51.9,17.2,22.2,61.1,6.3
21.9,74.3,51.0,27.5,60.3,9.3
23.7,97.8,17.3,24.0,30.9,0.9
23.3,67.7,86.4,24.7,29.7,7.5
23.2,69.0,60.2,22.9,76.1,1.3
20.8,56.8,72.4,25.3,24.1,6.5
26.2,70.7,70.7,28.9,86.6,1.3
33.3,86.3,24.4,28.1,30.5,0.1
34.9,53.5,82.7,24.0,50.4,7.5
22.8,65.7,38.1,24.4,71.5,2.7
22.9,70.9,15.7,29.6,46.0,9.5
30.9,89.7,69.1,27.2,50.9,2.5
33.3,93.6,5.3,20.1,63.2,3.4
30.4,76.8,75.4,21.9,93.3,5.6
21.4,55.2,25.1,26.2,36.4,2.2
33.4,91.8,42.7,26.2,97.1,0.6
28.0,92.3,61.0,29.0,36.4,6.5
27.1,57.6,83.7,29.4,93.9,4.1
25.1,56.3,43.5,28.4,45.1,4.5
26.3,79.1,91.9,20.5,92.8,5.7
24.3,67.0,40.0,20.4,48.6,8.9
28.4,53.0,86.5,25.2,80.9,8.1
29.5,88.9,70.1,21.1,23.9,4.4
22.1,52.4,16.8,20.8,13.2,7.8
29.3,62.4,82.2,24.7,68.5,1.2
26.8,71.5,96.8,26.0,33.2,2.2
32.6,64.7,67.7,21.8,60.1,7.0
25.2,63.0,94.9,23.4,94.9,0.8
30.4,52.3,15.7,22.5,29.0,5.2
29.3,87.5,90.3,20.0,92.2,0.5
29.9,53.0,61.8,29.2,53.4,7.4
21.9,66.1,26.5,20.3,60.8,1.8
20.3,60.0,26.0,21.6,42.8,8.8
34.5,78.3,77.1,25.8,29.2,8.7
32.1,93.5,52.8,20.1,47.7,8.0
24.2,96.3,45.8,24.8,35.6,0.4
34.2,56.5,60.7,22.6,28.6,4.1
24.1,85.6,80.9,27.6,16.6,5.2
31.5,67.3,57.8,22.7,82.3,6.6
22.7,75.8,5.6,20.0,16.0,0.4
20.9,96.6,9.0,23.3,78.5,5.1
33.1,82.8,36.3,22.2,34.1,0.3
22.8,85.1,94.6,28.7,16.5,8.7
25.6,86.2,75.2,24.2,41.0,0.6
23.6,74.8,12.4,26.9,30.4,5.7
32.0,64.5,97.9,27.4,57.6,3.4
26.7,86.3,6.8,20.1,66.1,1.1
29.6,77.4,27.5,28.4,95.3,2.3
31.1,70.0,0.6,29.9,51.9,6.8
28.8,65.1,6.6,28.9,29.9,1.4
23.2,72.3,52.2,20.6,40.5,4.3
27.0,57.1,4.4,26.0,46.9,2.0
27.1,78.8,64.1,27.6,15.1,5.5
34.8,86.5,63.2,21.5,35.0,9.2
32.3,63.6,83.0,26.3,73.6,9.6
34.8,87.3,31.6,27.0,61.1,5.5
31.2,74.0,25.7,28.9,86.9,3.7
25.2,97.8,49.8,25.1,44.1,1.0
32.0,66.7,54.3,23.2,67.3,1.5
26.7,60.9,69.4,23.9,88.8,7.7
34.3,86.1,9.7,25.0,37.0,4.5
30.4,100.0,99.0,20.3,14.7,9.2
32.2,77.4,1.2,28.5,64.0,1.1
33.5,99.5,41.0,24.7,89.5,7.5
26.6,79.7,53.2,27.0,74.7,9.7
23.0,54.9,46.1,24.4,41.9,8.1
23.3,58.5,76.1,29.2,40.7,3.7
27.0,98.6,2.9,24.7,37.6,0.5
24.8,68.7,63.9,28.5,93.0,6.4
24.8,86.9,15.3,27.8,97.3,8.1
24.6,50.4,81.2,24.0,11.9,7.7
27.0,69.7,65.1,26.9,15.0,2.0
34.2,55.3,72.9,29.2,100.0,0.2
30.7,63.3,34.3,26.0,65.1,1.0
31.6,62.5,45.2,29.7,99.1,0.4
23.5,93.5,27.4,26.9,99.2,6.1
25.7,83.8,77.7,22.6,30.4,2.9
31.1,57.6,76.7,28.3,57.4,0.7
31.7,74.7,35.2,27.2,46.5,1.8
24.0,74.8,33.2,28.1,59.0,5.6
21.2,90.3,21.2,23.7,27.8,5.9
21.8,93.3,47.3,24.7,77.3,2.9
24.4,50.2,42.7,28.8,44.2,4.4
20.8,97.2,71.8,27.5,46.1,8.8
23.9,73.1,37.8,25.4,72.5,0.2
23.8,57.2,25.2,28.6,65.7,6.3
30.5,50.7,1.5,24.4,71.1,6.8
33.6,98.7,77.3,26.3,59.5,4.2
24.6,96.6,71.3,26.9,41.8,5.5
28.6,64.7,21.5,20.8,71.7,9.6
25.6,89.4,44.0,29.7,42.8,5.9
25.6,95.0,88.1,28.6,70.7,6.0
28.1,65.7,47.9,25.5,92.3,8.2
25.2,58.1,86.2,21.6,60.9,3.2
33.7,78.6,85.4,24.9,95.1,5.3
23.5,71.0,74.7,24.5,75.2,3.5
21.8,86.6,30.4,27.3,15.6,4.1
27.2,68.5,48.5,20.5,28.1,6.8
29.1,68.4,66.3,20.9,15.3,3.9
29.5,66.6,19.8,26.7,11.3,7.6
24.3,94.5,25.5,25.5,27.5,6.6
31.8,98.8,17.7,24.8,98.0,5.5
33.5,77.9,91.4,25.5,25.6,0.8
26.6,52.5,2.9,21.7,35.0,5.0
27.8,80.9,51.4,22.6,14.5,5.3
28.1,88.6,16.3,21.8,42.7,3.4
30.0,86.4,39.4,28.5,11.9,6.1
21.7,50.0,3.6,26.9,82.9,1.2
25.1,62.3,83.7,25.8,83.4,4.8
29.4,97.4,6.1,28.6,48.3,6.2
33.6,64.2,98.8,26.5,97.9,1.6
28.6,75.2,75.0,29.5,27.7,1.5
22.1,80.8,41.9,28.9,38.3,3.7
21.5,65.8,73.1,22.7,81.3,4.3
33.3,81.5,34.8,29.7,93.9,3.4
23.4,75.9,6.4,23.5,48.9,7.8
27.4,58.0,18.4,20.5,89.0,4.4
21.0,85.7,40.8,23.8,16.0,10.0
28.5,65.5,22.5,24.3,69.7,4.5
23.9,99.6,7.9,25.5,68.4,2.5
27.1,98.3,67.5,29.1,19.5,8.0
32.2,71.2,46.3,29.0,24.7,5.7
26.2,82.5,83.2,28.7,15.0,9.9
20.2,75.2,50.8,22.5,89.3,5.5
30.3,62.0,54.3,27.0,86.8,1.5
31.8,75.3,53.3,26.1,82.6,2.9
26.8,94.5,38.6,21.2,27.4,7.2
26.6,66.0,63.1,28.7,86.6,9.8
30.3,85.3,43.7,26.3,25.9,10.0
28.1,80.1,88.6,22.8,22.5,4.2
33.4,91.4,9.0,28.7,58.7,5.4
30.5,69.9,21.4,26.0,58.5,1.7
25.0,52.6,33.8,26.7,46.5,5.1
23.8,61.4,84.8,29.2,41.2,1.7
33.7,99.2,6.0,25.1,88.6,5.9
22.8,98.5,24.9,21.8,44.5,5.4
25.7,83.9,84.4,21.5,92.9,8.6
25.1,80.5,2.1,22.2,58.3,5.6
21.1,78.0,51.4,20.2,36.4,2.1
28.6,75.7,36.7,27.6,19.7,8.8
20.7,96.1,7.3,25.3,59.8,2.0
26.0,94.1,49.3,26.4,89.5,5.2
28.2,65.9,83.3,28.3,74.9,2.4
30.7,81.7,25.3,20.2,32.3,9.4
20.7,64.7,24.5,29.6,43.8,3.0
25.9,57.5,49.5,25.6,82.7,5.1
29.1,68.8,22.1,27.1,76.0,8.9
33.3,60.1,8.4,24.1,50.8,5.8
25.2,73.0,5.3,23.3,35.8,1.4
34.2,61.8,79.4,26.3,93.7,1.4
27.7,65.6,66.5,25.1,26.3,6.3
33.9,66.0,77.3,24.4,18.2,2.8
20.9,70.7,79.0,22.2,63.4,8.6
34.7,79.9,1.6,26.7,83.3,7.9
32.0,74.7,29.9,23.8,36.6,0.3
26.2,74.4,83.2,20.7,10.1,6.4
30.5,80.8,31.6,27.8,28.7,7.3
31.1,84.6,22.2,21.3,77.3,9.3
25.9,90.6,66.4,21.9,65.8,2.9
30.5,59.6,24.3,22.9,48.3,4.0
27.3,84.2,40.8,27.5,65.7,0.7
27.7,74.0,67.9,24.6,72.3,0.8
31.5,84.2,38.9,21.1,47.9,5.0
29.0,96.6,81.5,24.7,83.5,3.9
